Author;Title;Year
Kibo Cash;porttitor eros nec tellus.;1935
Lev Sharp;ipsum nunc id enim. Curabitur massa. Vestibulum accumsan neque et;1973
Dane Herrera;enim;1985
Noah Carey;quam vel sapien imperdiet ornare.;2002
Adrian Buchanan;auctor. Mauris vel turpis. Aliquam adipiscing lobortis risus.;1916
Damian Weiss;per inceptos hymenaeos. Mauris ut quam vel;1903
Kasimir Clay;Suspendisse commodo;1955
Scott Giles;erat eget ipsum. Suspendisse sagittis. Nullam vitae diam.;1946
Mannix Rosario;Quisque libero lacus, varius et, euismod et, commodo at,;2002
Burke Cantu;Vestibulum accumsan neque et nunc.;1963
Hiram Salas;ultricies ornare, elit elit fermentum risus, at fringilla;1926
Ulric Marquez;amet metus. Aliquam erat volutpat. Nulla facilisis. Suspendisse commodo;1959
Mufutau Doyle;in consequat enim;1967
Hoyt Reynolds;congue. In scelerisque scelerisque dui. Suspendisse ac metus;1943
Malachi Sharp;nunc est, mollis non, cursus non, egestas a, dui.;1914
Kennan Stanley;enim non nisi. Aenean eget;1961
Stephen Wells;justo sit;1910
Hu Carpenter;lorem tristique aliquet.;1959
Peter Campos;dolor,;1990
Maxwell Wolfe;purus mauris a nunc. In at pede.;1980
Lance Blair;consequat purus. Maecenas libero est, congue a, aliquet vel,;1966
Brenden Walters;eu tellus.;2007
Ivor Lott;sit amet, faucibus ut, nulla. Cras;1967
Alec Cote;tristique pharetra. Quisque ac libero nec ligula consectetuer rhoncus. Nullam;1941
Myles Crawford;ut nisi;1954
Elvis Mcintosh;dui, nec tempus mauris erat eget ipsum. Suspendisse sagittis.;1992
Chaney Nunez;sed, facilisis vitae, orci. Phasellus;2009
Austin Bush;imperdiet dictum magna. Ut tincidunt orci quis lectus. Nullam;1901
William Santana;nonummy. Fusce fermentum;1935
Jason Woods;at pede. Cras vulputate velit eu sem. Pellentesque ut ipsum;1983
Gareth Padilla;semper rutrum. Fusce dolor quam, elementum at, egestas a,;1924
Mannix Guy;fames;1906
Boris Kirby;fermentum convallis ligula. Donec luctus aliquet odio. Etiam ligula tortor,;1955
Perry Mays;ac arcu. Nunc mauris. Morbi;1974
Simon Case;pede, malesuada vel, venenatis vel,;1986
James Reese;lacus. Ut;1988
Jared Robinson;at pretium aliquet, metus;1925
Jack Briggs;egestas. Fusce aliquet magna;1991
Grant Patterson;felis ullamcorper;1946
Kennan Wilkinson;sit amet metus. Aliquam erat volutpat.;1913
Emmanuel Gallegos;metus.;1927
Kibo Mullins;sem ut cursus luctus,;1918
Drew Dominguez;Lorem ipsum dolor sit;1932
Edward Mercado;Aliquam erat volutpat.;1964
Oleg Solis;Curabitur sed tortor. Integer aliquam adipiscing lacus. Ut nec urna;1974
Gil Sykes;facilisis lorem tristique aliquet. Phasellus fermentum convallis ligula. Donec;1990
Lee Kirk;tempor arcu. Vestibulum ut eros non enim commodo hendrerit. Donec;1989
Clinton Morse;odio. Nam interdum enim non;1951
Hedley Frank;quis massa. Mauris vestibulum, neque sed;1928
Len Gibson;Integer id magna;1931
Rajah Ortega;lorem, auctor quis, tristique ac, eleifend vitae, erat. Vivamus nisi.;2000
Lane Love;in molestie tortor nibh sit amet orci. Ut;1992
Leo Good;convallis erat, eget tincidunt;1910
Buckminster Cooley;sit amet, dapibus id, blandit at,;1993
Driscoll Cannon;ut, pellentesque eget, dictum placerat, augue. Sed molestie. Sed id;1904
Giacomo Mcclure;Mauris nulla. Integer urna. Vivamus;1928
Troy Pierce;Nullam lobortis quam a felis ullamcorper viverra.;1906
Castor May;est arcu ac orci. Ut;2009
Kirk Kelly;facilisis facilisis, magna tellus faucibus leo, in;1973
Dolan Williamson;sollicitudin a, malesuada id, erat. Etiam vestibulum;1951
Preston Burt;eu eros. Nam consequat dolor vitae dolor.;1908
Curran Macias;nunc interdum;2003
Wade Gross;Curabitur dictum. Phasellus in;1989
Allistair Wagner;amet orci. Ut;1944
Nolan Roman;eu, accumsan sed, facilisis vitae, orci.;2010
Beck Glass;Proin eget odio. Aliquam vulputate ullamcorper magna. Sed eu eros.;1917
Tucker Obrien;Nullam suscipit, est ac facilisis facilisis,;1916
Caleb Reid;amet, dapibus id, blandit at, nisi.;1944
Tad Bentley;magnis dis parturient montes,;1990
Aladdin David;adipiscing elit. Etiam laoreet, libero et tristique pellentesque,;1970
Otto Stafford;in magna.;1900
Hu Chavez;purus. Duis elementum, dui;2003
Finn Stark;nisl. Quisque fringilla euismod enim.;1960
Wing Clemons;dui nec;2003
Wang Potter;Mauris magna.;1946
Derek Clemons;luctus,;1974
Hall Tyson;risus a ultricies adipiscing, enim mi tempor;1935
Jermaine Neal;congue, elit sed consequat auctor, nunc nulla vulputate;1930
Zeus Mathews;amet, faucibus ut, nulla. Cras eu tellus eu augue;1977
Tobias Baldwin;libero lacus, varius et, euismod et,;1909
Bradley Key;quis arcu vel quam dignissim pharetra.;2010
Brendan Newman;neque non quam.;1995
Ryder Martinez;amet, risus. Donec nibh;1933
Kuame Britt;adipiscing, enim mi tempor lorem, eget;1933
Geoffrey Miles;ac turpis egestas. Fusce aliquet magna a;1908
Brody Benjamin;at lacus. Quisque purus sapien, gravida non, sollicitudin a, malesuada;1959
Prescott Moon;ante blandit viverra. Donec tempus, lorem fringilla ornare placerat,;1938
Amir Burris;tincidunt. Donec vitae erat vel pede blandit congue.;1921
Steel Osborne;Quisque;1993
Hakeem Kramer;massa. Suspendisse eleifend.;1944
Quamar Schmidt;justo faucibus lectus, a;1936
Tad Cobb;amet nulla. Donec non justo. Proin;1905
Nicholas Church;rutrum magna. Cras convallis convallis;2010
Palmer Savage;sapien. Nunc pulvinar arcu et pede.;1921
Gary Carpenter;Cras vehicula;1987
Herman Stark;erat. Vivamus nisi. Mauris nulla. Integer urna.;1966
Ian Mercer;euismod et, commodo at, libero. Morbi;1919
Ezra Huffman;auctor, velit;1932
Donovan Levine;molestie tellus. Aenean;1973
Xanthus Stout;adipiscing lobortis;2003